derivative_order,best_method,rmse
0,GPR,0.02648132829036391
1,GPR,0.18982460142224433
2,GPR,2.127765692248244
3,GPR,22.990300621927247
