derivative_order,best_method_mean,rmse_mean,best_method_median,rmse_median,confidence
0,AAA,0.03464927550429433,AAA,0.0118735782289132,30
1,GPR,1.7687959897706744,GPR,0.5508987353917114,30
2,GPR,74.46410267229288,GPR,6.200044887015451,30
3,GPR,51.21366721240715,GPR,44.35703492818833,30
